{"cameraMode":{"drawMode":0,"name":"Shaded","section":"Shading Mode"},"sceneLighting":true,"audioPlay":false,"sceneViewState":{"m_AlwaysRefresh":false,"showFog":true,"showSkybox":true,"showFlares":true,"showImageEffects":true,"showParticleSystems":true,"showVisualEffectGraphs":true,"m_FxEnabled":true},"in2DMode":false,"pivot":{"x":0.23837189376354218,"y":1.3814115524291993,"z":-0.7555975914001465},"rotation":{"x":0.3084997534751892,"y":0.06613560765981674,"z":-0.02150570973753929,"w":0.9486873745918274},"size":9.656206130981446,"orthographic":true}